Car,Location
Ford,Northwest
Ford,East
Mitsubishi,Northwest
Datsun,Northwest
Mitsubishi,Southwest
Jaguar,East
Jaguar,Southwest
Ford,Northwest
Jaguar,Northwest
Dodge,Northwest
Jaguar,Southwest
Dodge,Northwest
Jaguar,Southwest
Jaguar,Southwest
Dodge,East
Dodge,Southwest
Ford,Southwest
Jaguar,Southwest
Jaguar,Northwest
Jaguar,East
Ford,Southwest
Jaguar,Southwest
Jaguar,Southwest
Dodge,Southwest
Dodge,Northwest
Dodge,East
Mitsubishi,Northwest
Mitsubishi,Northwest
Datsun,Southwest
Mitsubishi,Southwest
Datsun,Southwest
Dodge,Northwest
Jaguar,Southwest
Mitsubishi,Northwest
Dodge,Northwest
Jaguar,Southwest
Jaguar,Southwest
Jaguar,Southwest
Mitsubishi,Southwest
Dodge,Northwest
Jaguar,Northwest
Datsun,Northwest
Ford,East
Dodge,East
Jaguar,Northwest
Dodge,East
Ford,East
Dodge,Southwest
Ford,Southwest
Jaguar,Southwest
Jaguar,East
Jaguar,Northwest
Jaguar,East
Dodge,Southwest
Dodge,East
Ford,Northwest
Jaguar,East
Mitsubishi,Southwest
Jaguar,Northwest
Jaguar,Northwest
Jaguar,Southwest
Mitsubishi,Southwest
Ford,East
Mitsubishi,East
Ford,Southwest
Ford,East
Ford,East
Datsun,East
Ford,Northwest
Jaguar,Southwest
Jaguar,East
Jaguar,East
Jaguar,Northwest
Ford,Southwest
Dodge,Southwest
Ford,Northwest
Ford,East
Ford,Northwest
Dodge,East
Mitsubishi,East
Jaguar,Southwest
Jaguar,Northwest
Jaguar,Northwest
Jaguar,Southwest
Ford,Southwest
Mitsubishi,East
Dodge,Southwest
